Time,Carbon Intensity
2021-01-12 00:00:00,85.0
2021-01-12 01:00:00,85.0
2021-01-12 02:00:00,78.0
2021-01-12 03:00:00,73.0
2021-01-12 04:00:00,74.0
2021-01-12 05:00:00,80.0
2021-01-12 06:00:00,85.0
2021-01-12 07:00:00,85.0
2021-01-12 08:00:00,83.0
2021-01-12 09:00:00,82.0
2021-01-12 10:00:00,82.0
2021-01-12 11:00:00,85.0
2021-01-12 12:00:00,88.0
2021-01-12 13:00:00,89.0
2021-01-12 14:00:00,91.0
2021-01-12 15:00:00,97.0
2021-01-12 16:00:00,102.0
2021-01-12 17:00:00,108.0
2021-01-12 18:00:00,106.0
2021-01-12 19:00:00,100.0
2021-01-12 20:00:00,96.0
2021-01-12 21:00:00,96.0
2021-01-12 22:00:00,96.0
2021-01-12 23:00:00,94.0
2021-01-13 00:00:00,95.0
2021-01-13 01:00:00,92.0
2021-01-13 02:00:00,87.0
2021-01-13 03:00:00,85.0
2021-01-13 04:00:00,88.0
2021-01-13 05:00:00,97.0
2021-01-13 06:00:00,96.0
2021-01-13 07:00:00,95.0
2021-01-13 08:00:00,94.0
2021-01-13 09:00:00,93.0
2021-01-13 10:00:00,93.0
2021-01-13 11:00:00,92.0
2021-01-13 12:00:00,93.0
2021-01-13 13:00:00,85.0
2021-01-13 14:00:00,83.0
2021-01-13 15:00:00,84.0
2021-01-13 16:00:00,87.0
2021-01-13 17:00:00,90.0
2021-01-13 18:00:00,89.0
2021-01-13 19:00:00,84.0
2021-01-13 20:00:00,76.0
2021-01-13 21:00:00,70.0
2021-01-13 22:00:00,74.0
2021-01-13 23:00:00,72.0
2021-01-14 00:00:00,68.0
2021-01-14 01:00:00,67.0
2021-01-14 02:00:00,65.0
2021-01-14 03:00:00,62.0
2021-01-14 04:00:00,64.0
2021-01-14 05:00:00,68.0
2021-01-14 06:00:00,80.0
2021-01-14 07:00:00,87.0
2021-01-14 08:00:00,84.0
2021-01-14 09:00:00,82.0
2021-01-14 10:00:00,81.0
2021-01-14 11:00:00,79.0
2021-01-14 12:00:00,80.0
2021-01-14 13:00:00,81.0
2021-01-14 14:00:00,82.0
2021-01-14 15:00:00,80.0
2021-01-14 16:00:00,80.0
2021-01-14 17:00:00,83.0
2021-01-14 18:00:00,83.0
2021-01-14 19:00:00,79.0
2021-01-14 20:00:00,78.0
2021-01-14 21:00:00,73.0
2021-01-14 22:00:00,66.0
2021-01-14 23:00:00,65.0
2021-01-15 00:00:00,61.0
2021-01-15 01:00:00,64.0
2021-01-15 02:00:00,61.0
2021-01-15 03:00:00,62.0
2021-01-15 04:00:00,66.0
2021-01-15 05:00:00,76.0
2021-01-15 06:00:00,82.0
2021-01-15 07:00:00,81.0
2021-01-15 08:00:00,79.0
2021-01-15 09:00:00,79.0
2021-01-15 10:00:00,78.0
2021-01-15 11:00:00,78.0
2021-01-15 12:00:00,78.0
2021-01-15 13:00:00,80.0
2021-01-15 14:00:00,82.0
2021-01-15 15:00:00,82.0
2021-01-15 16:00:00,84.0
2021-01-15 17:00:00,91.0
2021-01-15 18:00:00,92.0
2021-01-15 19:00:00,92.0
2021-01-15 20:00:00,96.0
2021-01-15 21:00:00,105.0
2021-01-15 22:00:00,109.0
2021-01-15 23:00:00,98.0
2021-01-16 00:00:00,94.0
2021-01-16 01:00:00,94.0
2021-01-16 02:00:00,92.0
2021-01-16 03:00:00,89.0
2021-01-16 04:00:00,87.0
2021-01-16 05:00:00,90.0
2021-01-16 06:00:00,98.0
2021-01-16 07:00:00,101.0
2021-01-16 08:00:00,102.0
2021-01-16 09:00:00,102.0
2021-01-16 10:00:00,100.0
2021-01-16 11:00:00,101.0
2021-01-16 12:00:00,98.0
2021-01-16 13:00:00,94.0
2021-01-16 14:00:00,94.0
2021-01-16 15:00:00,94.0
2021-01-16 16:00:00,92.0
2021-01-16 17:00:00,99.0
2021-01-16 18:00:00,101.0
2021-01-16 19:00:00,98.0
2021-01-16 20:00:00,95.0
2021-01-16 21:00:00,93.0
2021-01-16 22:00:00,95.0
2021-01-16 23:00:00,96.0
2021-01-17 00:00:00,87.0
2021-01-17 01:00:00,81.0
2021-01-17 02:00:00,72.0
2021-01-17 03:00:00,68.0
2021-01-17 04:00:00,68.0
2021-01-17 05:00:00,69.0
2021-01-17 06:00:00,68.0
2021-01-17 07:00:00,75.0
2021-01-17 08:00:00,78.0
2021-01-17 09:00:00,82.0
2021-01-17 10:00:00,83.0
2021-01-17 11:00:00,80.0
2021-01-17 12:00:00,77.0
2021-01-17 13:00:00,68.0
2021-01-17 14:00:00,66.0
2021-01-17 15:00:00,69.0
2021-01-17 16:00:00,76.0
2021-01-17 17:00:00,82.0
2021-01-17 18:00:00,83.0
2021-01-17 19:00:00,86.0
2021-01-17 20:00:00,89.0
2021-01-17 21:00:00,91.0
2021-01-17 22:00:00,94.0
2021-01-17 23:00:00,95.0
2021-01-18 00:00:00,91.0
2021-01-18 01:00:00,96.0
2021-01-18 02:00:00,90.0
2021-01-18 03:00:00,85.0
2021-01-18 04:00:00,92.0
2021-01-18 05:00:00,95.0
2021-01-18 06:00:00,97.0
2021-01-18 07:00:00,96.0
2021-01-18 08:00:00,98.0
2021-01-18 09:00:00,94.0
2021-01-18 10:00:00,92.0
2021-01-18 11:00:00,90.0
2021-01-18 12:00:00,89.0
2021-01-18 13:00:00,90.0
2021-01-18 14:00:00,92.0
2021-01-18 15:00:00,93.0
2021-01-18 16:00:00,95.0
2021-01-18 17:00:00,96.0
2021-01-18 18:00:00,95.0
2021-01-18 19:00:00,85.0
2021-01-18 20:00:00,78.0
2021-01-18 21:00:00,69.0
2021-01-18 22:00:00,71.0
2021-01-18 23:00:00,70.0
2021-01-19 00:00:00,69.0
2021-01-19 01:00:00,69.0
2021-01-19 02:00:00,65.0
2021-01-19 03:00:00,61.0
2021-01-19 04:00:00,65.0
2021-01-19 05:00:00,69.0
2021-01-19 06:00:00,74.0
2021-01-19 07:00:00,74.0
2021-01-19 08:00:00,71.0
2021-01-19 09:00:00,70.0
2021-01-19 10:00:00,69.0
2021-01-19 11:00:00,69.0
2021-01-19 12:00:00,67.0
2021-01-19 13:00:00,67.0
2021-01-19 14:00:00,72.0
2021-01-19 15:00:00,74.0
2021-01-19 16:00:00,80.0
2021-01-19 17:00:00,82.0
2021-01-19 18:00:00,79.0
2021-01-19 19:00:00,77.0
2021-01-19 20:00:00,75.0
2021-01-19 21:00:00,71.0
2021-01-19 22:00:00,66.0
2021-01-19 23:00:00,65.0
2021-01-20 00:00:00,61.0
2021-01-20 01:00:00,59.0
2021-01-20 02:00:00,54.0
2021-01-20 03:00:00,53.0
2021-01-20 04:00:00,51.0
2021-01-20 05:00:00,52.0
2021-01-20 06:00:00,58.0
2021-01-20 07:00:00,61.0
2021-01-20 08:00:00,63.0
2021-01-20 09:00:00,63.0
2021-01-20 10:00:00,63.0
2021-01-20 11:00:00,63.0
2021-01-20 12:00:00,60.0
2021-01-20 13:00:00,57.0
2021-01-20 14:00:00,55.0
2021-01-20 15:00:00,53.0
2021-01-20 16:00:00,53.0
2021-01-20 17:00:00,54.0
2021-01-20 18:00:00,54.0
2021-01-20 19:00:00,53.0
2021-01-20 20:00:00,47.0
2021-01-20 21:00:00,45.0
2021-01-20 22:00:00,45.0
2021-01-20 23:00:00,44.0
2021-01-21 00:00:00,42.0
2021-01-21 01:00:00,42.0
2021-01-21 02:00:00,42.0
2021-01-21 03:00:00,42.0
2021-01-21 04:00:00,43.0
2021-01-21 05:00:00,44.0
2021-01-21 06:00:00,47.0
2021-01-21 07:00:00,48.0
2021-01-21 08:00:00,47.0
2021-01-21 09:00:00,47.0
2021-01-21 10:00:00,48.0
2021-01-21 11:00:00,48.0
2021-01-21 12:00:00,47.0
2021-01-21 13:00:00,46.0
2021-01-21 14:00:00,46.0
2021-01-21 15:00:00,46.0
2021-01-21 16:00:00,45.0
2021-01-21 17:00:00,46.0
2021-01-21 18:00:00,46.0
2021-01-21 19:00:00,43.0
2021-01-21 20:00:00,41.0
2021-01-21 21:00:00,42.0
2021-01-21 22:00:00,42.0
2021-01-21 23:00:00,42.0
2021-01-22 00:00:00,44.0
2021-01-22 01:00:00,45.0
2021-01-22 02:00:00,45.0
2021-01-22 03:00:00,45.0
2021-01-22 04:00:00,47.0
2021-01-22 05:00:00,53.0
2021-01-22 06:00:00,64.0
2021-01-22 07:00:00,73.0
2021-01-22 08:00:00,74.0
2021-01-22 09:00:00,75.0
2021-01-22 10:00:00,74.0
2021-01-22 11:00:00,76.0
2021-01-22 12:00:00,73.0
2021-01-22 13:00:00,74.0
2021-01-22 14:00:00,73.0
2021-01-22 15:00:00,72.0
2021-01-22 16:00:00,72.0
2021-01-22 17:00:00,73.0
2021-01-22 18:00:00,74.0
2021-01-22 19:00:00,74.0
2021-01-22 20:00:00,64.0
2021-01-22 21:00:00,52.0
2021-01-22 22:00:00,51.0
2021-01-22 23:00:00,46.0
2021-01-23 00:00:00,45.0
2021-01-23 01:00:00,43.0
2021-01-23 02:00:00,42.0
2021-01-23 03:00:00,41.0
2021-01-23 04:00:00,41.0
2021-01-23 05:00:00,43.0
2021-01-23 06:00:00,42.0
2021-01-23 07:00:00,44.0
2021-01-23 08:00:00,47.0
2021-01-23 09:00:00,45.0
2021-01-23 10:00:00,45.0
2021-01-23 11:00:00,47.0
2021-01-23 12:00:00,47.0
2021-01-23 13:00:00,47.0
2021-01-23 14:00:00,48.0
2021-01-23 15:00:00,48.0
2021-01-23 16:00:00,48.0
2021-01-23 17:00:00,48.0
2021-01-23 18:00:00,49.0
2021-01-23 19:00:00,49.0
2021-01-23 20:00:00,43.0
2021-01-23 21:00:00,44.0
2021-01-23 22:00:00,48.0
2021-01-23 23:00:00,43.0
2021-01-24 00:00:00,44.0
2021-01-24 01:00:00,43.0
2021-01-24 02:00:00,42.0
2021-01-24 03:00:00,41.0
2021-01-24 04:00:00,41.0
2021-01-24 05:00:00,41.0
2021-01-24 06:00:00,48.0
2021-01-24 07:00:00,48.0
2021-01-24 08:00:00,46.0
2021-01-24 09:00:00,43.0
2021-01-24 10:00:00,42.0
2021-01-24 11:00:00,44.0
2021-01-24 12:00:00,40.0
2021-01-24 13:00:00,40.0
2021-01-24 14:00:00,41.0
2021-01-24 15:00:00,40.0
2021-01-24 16:00:00,41.0
2021-01-24 17:00:00,42.0
2021-01-24 18:00:00,41.0
2021-01-24 19:00:00,41.0
2021-01-24 20:00:00,41.0
2021-01-24 21:00:00,42.0
2021-01-24 22:00:00,46.0
2021-01-24 23:00:00,41.0
2021-01-25 00:00:00,42.0
2021-01-25 01:00:00,41.0
2021-01-25 02:00:00,42.0
2021-01-25 03:00:00,44.0
2021-01-25 04:00:00,47.0
2021-01-25 05:00:00,57.0
2021-01-25 06:00:00,71.0
2021-01-25 07:00:00,78.0
2021-01-25 08:00:00,77.0
2021-01-25 09:00:00,80.0
2021-01-25 10:00:00,81.0
2021-01-25 11:00:00,82.0
2021-01-25 12:00:00,83.0
2021-01-25 13:00:00,82.0
2021-01-25 14:00:00,84.0
2021-01-25 15:00:00,84.0
2021-01-25 16:00:00,87.0
2021-01-25 17:00:00,92.0
2021-01-25 18:00:00,97.0
2021-01-25 19:00:00,99.0
2021-01-25 20:00:00,95.0
2021-01-25 21:00:00,94.0
2021-01-25 22:00:00,90.0
2021-01-25 23:00:00,85.0
